"id","language","last_import_id","title"
"1700945","1309886","BTM:HOTEL:1A0301:33e8b8bd68d18065f4a556e09751d3aa","Amary City Residence"
"1700945","61435","BTM:HOTEL:1A0301:363a7f89bbf39ccc18237e4655203ae2","Amary City Residence"
"1700993","61435","BTM:HOTEL:1A0326:01ba2f77b66b0169c538eff4700bb30a","Excellent Apartments"
"1700993","1309886","BTM:HOTEL:1A0326:ec97cda8e7976a0b503cfc551fc67a7e","Excellent Appartements"
"1701032","61435","BTM:HOTEL:1A0552:c51503daf8d1b4dcb33c20b681956f3b","Apartcity Serviced Apartments"
"1701032","1309886","BTM:HOTEL:1A0552:ec9facbb9b2fa89bf1ccbab743987d49","Apartcity Serviced Apartments"
"1701074","1309886","BTM:HOTEL:1A0565:4d33e7e0320d7e17df0e50594b03ff97","Art'appart suiten Hotel"
"1701074","61435","BTM:HOTEL:1A0565:bd70254c5b999a1f3dc5b6cdc1937d7b","Art'appart suiten Hotel"
"1701116","61435","BTM:HOTEL:1A0686:a683c902bb09d15b7530164fa9185548","Aparthotel VEGA"
"1701116","1309886","BTM:HOTEL:1A0686:fcf55846152a889e9ac6da097e6c23b4","Aparthotel VEGA"
"1701151","61435","BTM:HOTEL:1A0694:1c254c384c0031caf830b334284ab738","Q-Damm-Apartments"
"1701151","1309886","BTM:HOTEL:1A0694:f7664ae8183647fe3fb9674ce0c5f984","Q-Damm-Apartments"
"1701185","61435","BTM:HOTEL:1A0732:bca36c394f8fd9d4470c20f6e8560bf1","City Apartments Come2friends"
"1701185","1309886","BTM:HOTEL:1A0732:f58c117067911708e7db00fe3e54cd17","City Apartments Come2friends"
"1701226","1309886","BTM:HOTEL:1G0028:19f348672a1e51c281c52d0082485e94","Hansablick Garni"
"1701226","61435","BTM:HOTEL:1G0028:6857d5c189f6d2a5a0a448fe2db90181","Hansablick Garni"
"1701268","61435","BTM:HOTEL:1G0048:3368e766e37fdfb21f1324d5bc14b346","Fasanenhaus"
"1701268","1309886","BTM:HOTEL:1G0048:8ba879e49514212889f7dd9d732e6b40","Fasanenhaus"
"1701303","1309886","BTM:HOTEL:1G0054:3bec957f8de50817ed7b2062351b3493","Holiday Inn Garden Court Berlin-Kurfürstendamm"
"1701303","61435","BTM:HOTEL:1G0054:a3c00c1a67b09de6ba29826dcf1784dc","Holiday Inn Garden Court Berlin-Kurfürstendamm"
"1701342","61435","BTM:HOTEL:1G0103:09849429c9fa1020431af295fd91d12a","Golden Tulip Hotel Park Consul"
"1701342","1309886","BTM:HOTEL:1G0103:5d5d53e8f104749440007a6951fe203e","Golden Tulip Hotel Park Consul"
"1701379","1309886","BTM:HOTEL:1G0134:8007f266254630044ab2ddcd987b5015","Kronprinz Berlin"
"1701379","61435","BTM:HOTEL:1G0134:8ffa2d5b4cf4e204b08a0671582465c1","Kronprinz Berlin"
"1701417","61435","BTM:HOTEL:1G0141:75696bfbb46911cf6d9a7ffbb2659630","Les Nations"
"1701417","1309886","BTM:HOTEL:1G0141:d7c90a1e3ecff02e94aa6ef3b2738211","Les Nations"
"1701455","61435","BTM:HOTEL:1G0145:6dec62d4978d3a00db1a34a00fc3fc05","Askanischer Hof"
"1701455","1309886","BTM:HOTEL:1G0145:de4311159a3ae3763ffaf38abe2b605c","Askanischer Hof"
"1701490","1309886","BTM:HOTEL:1G0163:81705693a468a8aed5192a48d28e6040","Hotel Brandies"
"1701490","61435","BTM:HOTEL:1G0163:a4006885f9b87e1edb90c892c6727e07","Hotel Brandies"
"1701525","1309886","BTM:HOTEL:1G0167:cd7b0db9ecc48233132e750922863938","Arco"
"1701525","61435","BTM:HOTEL:1G0167:ce6610e145ab95078ebc9e2224bbc672","Arco"
"1701558","61435","BTM:HOTEL:1G0168:596191cb5402d754d65c48ef0dd28221","Schöneberg"
"1701558","1309886","BTM:HOTEL:1G0168:83751052f5530f7d38509d48283a3083","Schöneberg"
"1701593","1309886","BTM:HOTEL:1G0178:c4c882454fcc2983e3ba91445400f9d4","Amaryl City-Hotel"
"1701593","61435","BTM:HOTEL:1G0178:dd549513b8567a5e1da1c07367ce8683","Amaryl City-Hotel"
"1701628","1309886","BTM:HOTEL:1G0185:75c158cf2f44ee8bf4b58dc78a4c2c30","Atlanta am Kurfürstendamm"
"1701628","61435","BTM:HOTEL:1G0185:94bd53017887f47c5db03342d84576f3","Atlanta am Kurfürstendamm"
"1701664","1309886","BTM:HOTEL:1G0217:1613c4d924a53f767863468ea1f3e985","Hotel Altberlin Am Potsdamer Platz"
"1701664","61435","BTM:HOTEL:1G0217:ba0ea591f5e082c66324b68df772e269","Hotel Altberlin Am Potsdamer Platz"
"1701703","1309886","BTM:HOTEL:1G0225:0f8fa9aa1d40006e232b164c470437e5","BB Hotel"
"1701703","61435","BTM:HOTEL:1G0225:63771c02428f232f7426bf34deda9ae6","BB Hotel"
"1701739","1309886","BTM:HOTEL:1G0228:9e0977ec46ad62266d9ac6d914f40d16","Gasteiner Hof"
"1701739","61435","BTM:HOTEL:1G0228:fc4d5e0c1941546844ca2676331307c6","Gasteiner Hof"
"1701772","61435","BTM:HOTEL:1G0229:8b6cbbab7c2c98b60b7e96fa11244633","Hotel-Pension-Spree"
"1701772","1309886","BTM:HOTEL:1G0229:b64e9976c8e04cfea6d00d25709055c4","Hotel-Pension-Spree"
"1701805","61435","BTM:HOTEL:1G0245:a5a25291919e9784d6c60b9ba0dab4de","City Pension Berlin"
"1701805","1309886","BTM:HOTEL:1G0245:aa17d8ff89a89038b8a21159f4f1b632","City Pension Berlin"
"1701838","1309886","BTM:HOTEL:1G0256:253dfc40459e8e28d510198247a81c53","Kassandra"
"1701838","61435","BTM:HOTEL:1G0256:fac37b996fca687cea3efd6184d8b459","Kassandra"
"1701872","1309886","BTM:HOTEL:1G0267:6db588516a860235cb8f02ebe5e0f8dc","Sachsenhof am Nollendorfplatz"
"1701872","61435","BTM:HOTEL:1G0267:c4ef0a6f986b6bd60b6301e7bdb97438","Sachsenhof am Nollendorfplatz"
"1701908","61435","BTM:HOTEL:1G0295:3bf34d22bf367ede7b943354f712dfee","Atrium Berlin"
"1701908","1309886","BTM:HOTEL:1G0295:5a2e352b534f6f2401d2b3d2d6e4a30a","Atrium Berlin"
"1701941","1309886","BTM:HOTEL:1G0364:b5fb1d06bc4f6ef51b449e24cb0c179b","Mark Apart Hotel"
"1701941","61435","BTM:HOTEL:1G0364:e55457c6e3c88de9c5a0c921a570594c","Mark Apart Hotel"
"1701978","1309886","BTM:HOTEL:1G0465:9f5ac2c6a4f06a473e67d2293137a7b1","Hotel Gates Berlin"
"1701978","61435","BTM:HOTEL:1G0465:f8afcefc0fe493d5c975ba4ef8753f51","Hotel Gates Berlin"
"1702009","61435","BTM:HOTEL:1G0475:16c7491aed6cfd2838944e3e6e80721e","Arta Lenz Hotel"
"1702009","1309886","BTM:HOTEL:1G0475:62ad8dc519836b1fb7c34d8055254960","Arta Lenz Hotel"
"2528387","61435","BTM:HOTEL:1G0612:ab1cfd66b86084745c2dabe961f255fe","Precise Casa Hotel"
"1702042","1309886","BTM:HOTEL:1G0615:022cc08de56d1f9c2d115d0589f09a5b","Aida"
"1702042","61435","BTM:HOTEL:1G0615:403a84d563d8a58d8993faa6eaf78937","Aida"
"1702079","1309886","BTM:HOTEL:1G0623:65fc78482f0211f515cd479ab4d59cde","Hôtel Concorde Berlin"
"1702079","61435","BTM:HOTEL:1G0623:995da34731380bfe69a26d518e3e24e3","Hôtel Concorde Berlin"
"1702119","61435","BTM:HOTEL:1G0624:ec5cd647129b2d8372540a93f61cd449","Ibis Berlin Messe"
"1702119","1309886","BTM:HOTEL:1G0624:f95f95f2af9c59dd67b05e5547fd7ccb","Ibis Berlin Messe"
"1702155","61435","BTM:HOTEL:1G0643:36cd260039b134d42d3d9ee551e502cb","Grand City Hotel Berlin Zentrum"
"1702155","1309886","BTM:HOTEL:1G0643:cbceaee818b10f95589be5f120b1ec6f","Grand City Hotel Berlin Zentrum"
"1710563","61435","BTM:HOTEL:1G0661:0644729234f7f551cb6bf27d46b2ec28","Canaletto"
"1710563","1309886","BTM:HOTEL:1G0661:089846d88eb060af453ed944f18ddd79","Canaletto"
"1702191","1309886","BTM:HOTEL:1G0665:5a47a7510431587fdb184bc326ea931b","CENTRAL INN"
"1702191","61435","BTM:HOTEL:1G0665:bcbd5afb5d0630d1d4122e8eb82fbf71","CENTRAL INN"
"1702224","1309886","BTM:HOTEL:1G0670:b9678b94a19c522842efe019bb70fd9b","Metropolitan Hotel"
"1702224","61435","BTM:HOTEL:1G0670:c8cb2e23caa84e871cb3af55767e39e5","Metropolitan Hotel"
"2515618","61435","BTM:HOTEL:1G0682:1181509e968fc1c5d6165541a82ad55e","Arche"
"2515618","1309886","BTM:HOTEL:1G0682:fa40ae69013015903802b1ab7f2b87c0","Arche"
"2528410","61435","BTM:HOTEL:1G0691:36e72ca2f0ae07208034e55b55b02459","Regenbogen"
"1702257","1309886","BTM:HOTEL:1G0718:a3c8ff39d7c85e91847233fbf6696d43","B&B Hotel Berlin - Potsdamer Platz"
"1702257","61435","BTM:HOTEL:1G0718:e4258873d07fe5f7c3774aa9e605e40b","B&B Hotel Berlin - Potsdamer Platz"
"1702293","1309886","BTM:HOTEL:1G0745:b685f6d9eeb3ab126ea300051f14f3b3","Best Western Premier Hotel Moa Berlin"
"1702293","61435","BTM:HOTEL:1G0745:d289dbfcd6e54817449219e6998ef925","Best Western Premier Hotel Moa Berlin"
"1702333","1309886","BTM:HOTEL:1G0746:00112beeec5a67e6947e75484016ea16","Motel One Berlin Bellevue"
"1702333","61435","BTM:HOTEL:1G0746:991388c7157bd9caefc6928379cc8d08","Motel One Berlin Bellevue"
"1702368","1309886","BTM:HOTEL:1G0748:6edc5996ba8d88664545b7cb6447c4bb","Motel One Berlin-Tiergarten"
"1702368","61435","BTM:HOTEL:1G0748:fc6dca6d75fb9074a972af1cdad3c910","Motel One Berlin-Tiergarten"
"2516028","1309886","BTM:HOTEL:1G0765:e982134839bbb1b8f4cb9bdb485e1b3b","Hotel Alexander"
"2516028","61435","BTM:HOTEL:1G0765:f7f47618441009162930e29f4bb44264","Hotel Alexander"
"2527790","61435","BTM:HOTEL:1G0775:5b3216b5dd0c3ee1d79c1ae6387aec1e","Ibis Hotel Berlin City West"
"2528201","61435","BTM:HOTEL:1G0798:815d1cdd2e27f483d9edb5cabeb71c2f","NH Berlin Kurfürstendamm"
"2528159","61435","BTM:HOTEL:1G0799:db193c2d50855d269b92eabab5a89865","NH Berlin City West"
"1702403","1309886","BTM:HOTEL:1H0001:2cd60e9138040314b21a6b1e1720b891","Hotel City Gallery Berlin"
"1702403","61435","BTM:HOTEL:1H0001:955240f5514f6744cb7632e9349e65cd","Hotel City Gallery Berlin"
"1702438","1309886","BTM:HOTEL:1H0006:3b7a227adeb04f796203a7222e8748e0","Astoria am Kurfürstendamm"
"1702438","61435","BTM:HOTEL:1H0006:eee53fe298fe0e11f9bc35d9d8299853","Astoria am Kurfürstendamm"
"1702475","1309886","BTM:HOTEL:1H0010:cbeb85cdac63b879df810091c2550184","Palace Berlin"
"1702475","61435","BTM:HOTEL:1H0010:febf31069a66b5a37fba7c6b0d2900cf","Palace Berlin"
"1702510","61435","BTM:HOTEL:1H0013:4e37557b39f91ef423c2d4a1e20dc132","Best Western Hotel Kantstrasse Berlin"
"1702510","1309886","BTM:HOTEL:1H0013:9e5fa5da29925281ba50e40c59487d22","Best Western Hotel Kantstrasse Berlin"
"1702547","1309886","BTM:HOTEL:1H0014:16d54b338fa1ae7d734e5afff0a44784","Steigenberger Hotel Berlin"
"1702547","61435","BTM:HOTEL:1H0014:a07f4a9a30ca4baf3dfd7a16751b2ced","Steigenberger Hotel Berlin"
"1702582","61435","BTM:HOTEL:1H0015:26cf42e01d606c12ab9c0ef3944b069a","Bleibtreu Berlin"
"1702582","1309886","BTM:HOTEL:1H0015:2b17f967f1bde01987492ce560d941da","Bleibtreu Berlin"
"1702620","61435","BTM:HOTEL:1H0016:3e8c96e3ad9ee3f5d849ac1f3ca0c741","Berliner Hof"
"1702620","1309886","BTM:HOTEL:1H0016:ea263064b0beaa2e8700d2d287c13722","Berliner Hof"
"1702658","1309886","BTM:HOTEL:1H0017:65ec214226666a991d5d58fa5aa4f8c0","Alsterhof Berlin"
"1702658","61435","BTM:HOTEL:1H0017:7c654e9e9675b991dfc0f13152734dda","Alsterhof Berlin"
"1702695","61435","BTM:HOTEL:1H0018:09ea1dd263bac43fc421abb8ace377bf","Savoy Berlin"
"1702695","1309886","BTM:HOTEL:1H0018:8522ee7433b9acba703a74c4ca53096d","Savoy Berlin"
"1702731","61435","BTM:HOTEL:1H0020:17e617e3ced990a3bec8d204e168d747","Hotel Residenz Berlin"
"1702731","1309886","BTM:HOTEL:1H0020:9475d0b16893efe220f9c4dd151bb229","Hotel Residenz Berlin"
"1702767","1309886","BTM:HOTEL:1H0022:6b56660be63ed25520dcb5b2cfe22e15","Kempinski Hotel Bristol Berlin"
"1702767","61435","BTM:HOTEL:1H0022:c1b2ee55a10bdd164dcd12f49442dc07","Kempinski Hotel Bristol Berlin"
"1702803","61435","BTM:HOTEL:1H0024:1b57ebd7916ea043e63002f4c7ed9deb","Brandenburger Hof Berlin"
"1702803","1309886","BTM:HOTEL:1H0024:232dbf4562e6af2ef736e3cca202c2ed","Brandenburger Hof Berlin"
"1702839","1309886","BTM:HOTEL:1H0026:3af1f1fcf7595b18189fe2f68fca7cd0","California am Kurfürstendamm"
"1702839","61435","BTM:HOTEL:1H0026:d8d64430cf922e9db4eebd9d9cdd7591","California am Kurfürstendamm"
"1702875","61435","BTM:HOTEL:1H0029:2e76a13aae9f42e0bf0549388986ae68","Golden Tulip Berlin - Hotel Hamburg"
"1702875","1309886","BTM:HOTEL:1H0029:ae94e91c9ce0f5d6fb44dff01130e52d","Golden Tulip Berlin - Hotel Hamburg"
"1702911","61435","BTM:HOTEL:1H0031:782bc295a17f78f39425b752ae7b53ea","Mondial"
"1702911","1309886","BTM:HOTEL:1H0031:91d55b499857df8a5a483be1620ea2ae","Mondial"
"1702946","1309886","BTM:HOTEL:1H0034:0e18f89899c540ac63c0d8bd52998174","Hotel Castor the Vine"
"1702946","61435","BTM:HOTEL:1H0034:4e572b6f9c8ec83f1454e45c41c4c91e","Hotel Castor the Vine"
"1702981","1309886","BTM:HOTEL:1H0042:072412f8bc79bf70ca94286516a3614b","Best Western Queens Hotel Berlin City West"
"1702981","61435","BTM:HOTEL:1H0042:b096fdc655d4036a4d54e524b314de8b","Best Western Queens Hotel Berlin City West"
"1703019","1309886","BTM:HOTEL:1H0052:0f9a26d4298e34f9d53ec7f18beadfc3","Crowne Plaza Berlin City Centre"
"1703019","61435","BTM:HOTEL:1H0052:facdb0f81383ce169a331f89b6114983","Crowne Plaza Berlin City Centre"
"1703057","1309886","BTM:HOTEL:1H0058:6ee4f280cc5ade229b65a951a7b88889","Lindemann Fjord Hotel Berlin"
"1703057","61435","BTM:HOTEL:1H0058:94c25bf786fcf75858eb4e096e779f63","Lindemann Fjord Hotel Berlin"
"1703094","61435","BTM:HOTEL:1H0081:2ede95c4a559684beb7b9ceaa4531e5e","Grand Hotel Esplanade Berlin"
"1703094","1309886","BTM:HOTEL:1H0081:5301877188a5da2f8827c4ba586776fe","Grand Hotel Esplanade Berlin"
"1703127","1309886","BTM:HOTEL:1H0083:2b1f5cb09483bf6f088a9df0f4ca3f98","Hotel InterContinental Berlin"
"1703127","61435","BTM:HOTEL:1H0083:591b554f9f34d32d214388c15d01e6cc","Hotel InterContinental Berlin"
"1703160","1309886","BTM:HOTEL:1H0086:024c2433bfa0efa873f8a9929a3d1231","Hecker's Hotel Kurfürstendamm"
"1703160","61435","BTM:HOTEL:1H0086:19ad1d21cf2d92b407db490d3cde7585","Hecker's Hotel Kurfürstendamm"
"1703195","61435","BTM:HOTEL:1H0109:559b0ae3914093c7ef2cfa1c692067ff","Grand City Hotel Berlin Ku'Damm"
"1703195","1309886","BTM:HOTEL:1H0109:5f727a8c8f1e4a91207f672044b24f42","Grand City Hotel Berlin Ku'Damm"
"1703233","61435","BTM:HOTEL:1H0114:77c9ab7147e53c83a49654478780ce92","Hotel Berlin, Berlin"
"1703233","1309886","BTM:HOTEL:1H0114:ffbc0c178495e9be4adc3b21c24126f4","Hotel Berlin, Berlin"
"1703270","1309886","BTM:HOTEL:1H0142:117f6437b1a29f912c87197cae39b16f","Sylter Hof Berlin"
"1703270","61435","BTM:HOTEL:1H0142:2723db64324377958dfc77c1781fbc29","Sylter Hof Berlin"
"1703306","61435","BTM:HOTEL:1H0147:0c8fba1d8e901819797664ef0a470a38","ibis Styles Berlin an der Oper"
"1703306","1309886","BTM:HOTEL:1H0147:3e419f8e6d5effd10127889f630d5a26","Comfort Hotel an der Oper"
"1703344","61435","BTM:HOTEL:1H0175:024751536911fbea9e6ec81a67581b4e","Berlin Mark Hotel"
"1703344","1309886","BTM:HOTEL:1H0175:e3b3d051b39e6859c435fce854c3ce77","Berlin Mark Hotel"
"1703379","1309886","BTM:HOTEL:1H0177:03405a31d002b8c1cc11dced121ecdad","Berlin Plaza Hotel am Kurfürstendamm"
"1703379","61435","BTM:HOTEL:1H0177:7a7a4d1ce8b965cefb68d5d2f49853dc","Berlin Plaza Hotel am Kurfürstendamm"
"1703416","1309886","BTM:HOTEL:1H0205:edfdc5262d97c088b7ab756e7f5d0200","Hotel St.-Michaels-Heim"
"1703416","61435","BTM:HOTEL:1H0205:eede2403b69900702a3f03e1e45e77de","Hotel St.-Michaels-Heim"
"1703453","1309886","BTM:HOTEL:1H0243:7535a81b404f715fa53a7d0dc14a45e2","Hotel Villa Kastania"
"1703453","61435","BTM:HOTEL:1H0243:d6601f9132d25f5eff56f4f3ba6736be","Hotel Villa Kastania"
"1703491","1309886","BTM:HOTEL:1H0264:349684830d2e97e6c83198be285468be","Alma Schlosshotel im Grunewald"
"1703491","61435","BTM:HOTEL:1H0264:de5bc207014d147ff5ea63dc50a4608c","Alma Schlosshotel im Grunewald"
"1703526","61435","BTM:HOTEL:1H0329:d99774b5b734d4e06d597a8b97defcaf","Pullman Berlin Schweizerhof"
"1703526","1309886","BTM:HOTEL:1H0329:f69dfa66a11056dfae7ff09145997c5a","Pullman Berlin Schweizerhof"
"1703561","61435","BTM:HOTEL:1H0361:ad21c25e24546b0d60a74f9f57e46293","Domicil Berlin"
"1703561","1309886","BTM:HOTEL:1H0361:cc823fd504d55b23a1776aa0e9186bab","Domicil Berlin"
"1703596","61435","BTM:HOTEL:1H0372:1c4c7786bc42565d1e3c556993f2d28d","Grand Hyatt Berlin"
"1703596","1309886","BTM:HOTEL:1H0372:c0bba7ebdc5bbbee00208772567f59ca","Grand Hyatt Berlin"
"1703632","1309886","BTM:HOTEL:1H0382:6605c1b4b6eebce2b01d97e6a37d4a8e","Park Inn Berlin City-West"
"1703632","61435","BTM:HOTEL:1H0382:be14d7fb6737d1de42f7fa1b478695ae","Park Inn Berlin City-West"
"1703667","1309886","BTM:HOTEL:1H0389:2f924e773fef7028c62fd61429d069a5","Hollywood Media Hotel"
"1703667","61435","BTM:HOTEL:1H0389:3a18164aa80842bfc1bc43d4c865846c","Hollywood Media Hotel"
"1703702","61435","BTM:HOTEL:1H0400:2fa54a5da9c766cf23eea29c88fd4316","Schlosspark-Hotel"
"1703702","1309886","BTM:HOTEL:1H0400:d23c90ede48c4d39194bcda7991c130f","Schlosspark-Hotel"
"1703737","61435","BTM:HOTEL:1H0464:28b35181604283016aaa61c48bb32a15","Hotel Zoo Berlin"
"1703737","1309886","BTM:HOTEL:1H0464:aca97d98b49d0bbc5fa5ada72a2654b2","Hotel Zoo Berlin"
"1703772","61435","BTM:HOTEL:1H0478:aa979bf574a8aefde0251a75e2a4b24e","Swissôtel Berlin Am Kurfürstendamm"
"1703772","1309886","BTM:HOTEL:1H0478:ff6b53334c155c33759c8bd2c2cca894","Swissôtel Berlin Am Kurfürstendamm"
"1703805","1309886","BTM:HOTEL:1H0530:a65a76533827576645e99e734e3ca222","Ku'Damm 101"
"1703805","61435","BTM:HOTEL:1H0530:e32adfe6602fefa2616f8aa0f18cd506","Ku'Damm 101"
"1703841","61435","BTM:HOTEL:1H0568:355eb0b66cabd5e87022a901084cd2b2","Ramada Plaza Berlin City Centre Hotel & Suites"
"1703841","1309886","BTM:HOTEL:1H0568:abb2b60075582b9ad674de894d95c032","Ramada Plaza Berlin City Centre Hotel & Suites"
"1703876","61435","BTM:HOTEL:1H0576:9137559c40f1c02eaa38f23c235e1d03","Lindner Hotel Am Ku'damm Berlin"
"1703876","1309886","BTM:HOTEL:1H0576:f8a2cf0e42f645ae3ddd885da2957a05","Lindner Hotel Am Ku'damm Berlin"
"1703911","61435","BTM:HOTEL:1H0599:57b3b3c2daf306b635eef649de247dea","Concorde Hotel am Studio"
"1703911","1309886","BTM:HOTEL:1H0599:c2daf0b7c2c0fad1b0f8c04696353bd9","Concorde Hotel am Studio"
"1703946","61435","BTM:HOTEL:1H0604:54e4d6ef93aea2576678687e8d6de1cc","AI Königshof"
"1703946","1309886","BTM:HOTEL:1H0604:c1c61157f02b9fc11f8b8648ead6a101","AI Königshof"
"1703981","61435","BTM:HOTEL:1H0606:6e2a15f5ebe83b2419a428ffb8706f5e","Maritim Hotel Berlin"
"1703981","1309886","BTM:HOTEL:1H0606:ee90da387e3af75ce157bf3b649c7d2c","Maritim Hotel Berlin"
"1704016","61435","BTM:HOTEL:1H0608:8507d9127f36ccacb090913468486fdd","Academy Hotel Berlin"
"1704016","1309886","BTM:HOTEL:1H0608:b695d511ac72e99de3a2848d0ad89b44","Academy Hotel Berlin"
"1704051","61435","BTM:HOTEL:1H0622:0362937b050d418c8ca4ee4576e27b6f","Novotel Berlin Am Tiergarten"
"1704051","1309886","BTM:HOTEL:1H0622:99d38bf5af30c7785e28ec3bd59cdaeb","Novotel Berlin Am Tiergarten"
"1704086","61435","BTM:HOTEL:1H0648:181fa5fa61d2b136617fa0bd1ec172e2","Amadeus am Kurfürstendamm"
"1704086","1309886","BTM:HOTEL:1H0648:3c061401b463a6da95bee6e8b713587c","Amadeus am Kurfürstendamm"
"1704120","1309886","BTM:HOTEL:1H0653:266572102ae5e0c63e59925bbada168d","Ellington Hotel Berlin"
"1704120","61435","BTM:HOTEL:1H0653:3ca22cc89b3c08494e5af6af6957ac1b","Ellington Hotel Berlin"
"1704155","1309886","BTM:HOTEL:1H0662:3efeaf7208fd6119f64fe269215739b9","Tom's Hotel (Gay Hotel)"
"1704155","61435","BTM:HOTEL:1H0662:6ef8f0417436b3bf87170687131c2764","Tom's Hotel (Gay Hotel)"
"1704188","1309886","BTM:HOTEL:1H0681:0345f4c281b4a8c84d12ccbf94ac4446","Arrival"
"1704188","61435","BTM:HOTEL:1H0681:81bd0260d9bec1868f84439fe30d9fed","Arrival"
"1704221","61435","BTM:HOTEL:1H0700:5a6b081ce43f7799db54183260b3e1af","Abion Villa"
"1704221","1309886","BTM:HOTEL:1H0700:fa15cb29db029115f65429f6d855038b","Abion Villa"
"2527670","61435","BTM:HOTEL:1H0703:1e359461f77a5e646a960967bc9227a8","Hotel Potsdamer Hof Berlin Am Potsdamer Platz"
"1704254","1309886","BTM:HOTEL:1H0708:05dcd55dd303eba4052b436aa9710921","Aspria Spa + Sporting Club + Hotel"
"1704254","61435","BTM:HOTEL:1H0708:c0a28bf0b3a5ca10917d747e6a0e614c","Aspria Spa + Sporting Club + Hotel"
"1704286","61435","BTM:HOTEL:1H0713:0a19d2955575affd249029d2058c85af","abba Berlin hotel"
"1704286","1309886","BTM:HOTEL:1H0713:7f4a7253ee4df9174192870c5f128499","abba Berlin hotel"
"2527693","61435","BTM:HOTEL:1H0714:17c0d6da8b13a0358b56228b90dec338","Hotel-Pension-Savoy nähe Kurfürstendamm"
"1704320","1309886","BTM:HOTEL:1H0715:bfd4c858e528581209975bdfc00bf6fa","Best Western Hotel President"
"1704320","61435","BTM:HOTEL:1H0715:fc5daa758326c6beacf89e2a33795f57","Best Western Hotel President"
"1704356","61435","BTM:HOTEL:1H0720:70af5c038bc8952c860bbfd3edf953a9","Alecsa Hotel am Olympiastadion"
"1704356","1309886","BTM:HOTEL:1H0720:79a784364880c02c9a995afebe2b45a5","Alecsa Hotel am Olympiastadion"
"1704393","61435","BTM:HOTEL:1H0721:4b5bc57e5c803e88e45997bf7f6682c5","Zarenhof Berlin Mitte"
"1704393","1309886","BTM:HOTEL:1H0721:c638e2e01b1e85f1c622ded423a8f1e3","Zarenhof Berlin Mitte"
"1704449","61435","BTM:HOTEL:1H0733:5bef4fa60628e637f658919433529f61","HSH Hotel Albergo"
"1704449","1309886","BTM:HOTEL:1H0733:c5f36d520d064b5c708f87764b571625","HSH Hotel Albergo"
"1704486","61435","BTM:HOTEL:1H0740:1aa6a5da4c7db9b386dd6700f64c6181","Haus Schildhorn"
"1704486","1309886","BTM:HOTEL:1H0740:cfccd1dd4c9939114774ae006cf233fd","Haus Schildhorn"
"1704520","1309886","BTM:HOTEL:1H0743:60d1ae5165cfdba9bef761b2c07ff1e5","Hampton by Hilton Berlin City West"
"1704520","61435","BTM:HOTEL:1H0743:9fa52286674918f110c0f4479e0b10f1","Hampton by Hilton Berlin City West"
"1704560","61435","BTM:HOTEL:1H0750:572049c09ba33de6d09256486de0f686","H10 Berlin Ku´damm"
"1704560","1309886","BTM:HOTEL:1H0750:beff95d3c4959cdbf9caca930bc82a0f","H10 Berlin Ku´damm"
"1704587","1309886","BTM:HOTEL:1H0751:a456479bc2fd812de70bc9e45e0e4637","Hotel Astrid am Kurfürstendamm"
"1704587","61435","BTM:HOTEL:1H0751:b71acea56c67a53739711dbf35a2964d","Hotel Astrid am Kurfürstendamm"
"1704620","1309886","BTM:HOTEL:1H0755:5fee4abc2cec432850b554cbd53dca79","Tagungshaus Tiergarten"
"1704620","61435","BTM:HOTEL:1H0755:7a92d875037ffa85af93afbd74a2f88e","Tagungshaus Tiergarten"
"1704653","61435","BTM:HOTEL:1H0756:1592b25e7d1c95c94b6d0cd11599659f","City Hotel am Kurfürstendamm"
"1704653","1309886","BTM:HOTEL:1H0756:a5ec0723e983d806c90dbbc21d63667e","City Hotel am Kurfürstendamm"
"1704689","1309886","BTM:HOTEL:1H0759:50571be98f39bd1c996560cfb3e6250c","Come Inn Berlin Kurfürstendamm Opera"
"1704689","61435","BTM:HOTEL:1H0759:9c4c5580d036a30a8bc093bac6bfe4c7","Come Inn Berlin Kurfürstendamm Opera"
"1704716","1309886","BTM:HOTEL:1H0760:2ac20c6a984cce8625dfddc73ea3004b","Abion Spreebogen Waterside Hotel"
"1704716","61435","BTM:HOTEL:1H0760:e1e6e7f439af618f63014616974fbbd3","Abion Spreebogen Waterside Hotel"
"2516007","61435","BTM:HOTEL:1H0761:72f09ff6bf16f0983d066ee6052e4dcd","H’Otello K’80"
"2516007","1309886","BTM:HOTEL:1H0761:a2b2147749c9f4056f45a5e6ffab52d0","H’Otello K’80"
"1704743","1309886","BTM:HOTEL:1H0763:618ca60a4d26fad50c23d03c0d030e93","Aldea Novum Berlin Centrum"
"1704743","61435","BTM:HOTEL:1H0763:ed8ac0231fa1664b6babd72f93ab6ad2","Aldea Novum Berlin Centrum"
"1704772","1309886","BTM:HOTEL:1H0764:09f8b4caeadf03e285f907443e6fdbd5","Hotel De Ela"
"1704772","61435","BTM:HOTEL:1H0764:4503b147357a9d3986cfa369a8ff575d","Hotel De Ela"
"2515358","61435","BTM:HOTEL:1H0782:3e0737ff9f3079c6771710e022698042","Adagio Berlin Kurfürstendamm"
"2515358","1309886","BTM:HOTEL:1H0782:df7b8ac9fe5737cff453dce40ac556c7","Adagio Berlin Kurfürstendamm"
"2515723","61435","BTM:HOTEL:1H0788:e335e6e7b10d66cd2ec439af9dbefeec","B&B Boarding Berlin"
"2515463","61435","BTM:HOTEL:1H0797:0978f5e845f00dc37c51456ecbe2c90c","Air in Berlin Hotel"
"2515463","1309886","BTM:HOTEL:1H0797:9fd77a7859ea1d958cdd51a004717aa3","Air in Berlin Hotel"
"2515485","61435","BTM:HOTEL:1H0801:05bb0446df3cccdcc9a1074cffc4f4e6","aletto Kudamm Hotel & Hostel"
"2515485","1309886","BTM:HOTEL:1H0801:fde7068cfffbe06cae8284933715c077","aletto Kudamm Hotel & Hostel"
"2528536","61435","BTM:HOTEL:1H0802:318c8683f5dd14bf4a032cf4db49f671","Waldorf Astoria Berlin"
"2515639","1309886","BTM:HOTEL:1H0804:524ca6cee65314d3da6fa9dc4b3de22d","Art Hotel Charlottenburger Hof"
"2515639","61435","BTM:HOTEL:1H0804:e927d32376453ed3f0f89ea86b0cbf41","Art Hotel Charlottenburger Hof"
"2527578","61435","BTM:HOTEL:1H0807:5cd6ea38bad6f0874c540078eeafa8b8","Hotel Indigo Berlin Hardenbergstraße"
"2527907","61435","BTM:HOTEL:1H0809:ebbe7f8387a404f3cd866606a100b197","Louisas Place"
"2515684","1309886","BTM:HOTEL:1H0813:17b1d20534ee3cf41ce5301516105256","art'otel berlin kudamm"
"2515684","61435","BTM:HOTEL:1H0813:5ce5d943991e8f8cac9b951d168c3f8b","art'otel berlin kudamm"
"2515663","61435","BTM:HOTEL:1H0816:a455200d43afb9fe59a2a7929afab5d5","art'otel berlin city center west"
"2515663","1309886","BTM:HOTEL:1H0816:e7615093314652a8289d57a16de08403","art'otel berlin city center west"
"2527595","61435","BTM:HOTEL:1H0818:8aef0b5b04d40885e39275365d21132a","Hotel Lützow"
"2528491","61435","BTM:HOTEL:1J0099:2b80b70fa9e0db194662cfbcc4ad3d27","Studentenhotel Hubertusallee"
"1704805","61435","BTM:HOTEL:1J0206:46d66497c169f4f3f1509c5ceab66b2f","Jugendgästehaus St.-Michaels- Heim"
"1704805","1309886","BTM:HOTEL:1J0206:cc7b40e29611c0b29f89bcd83e0f153f","Jugendgästehaus St.-Michaels- Heim"
"1704839","61435","BTM:HOTEL:1J0492:7a0ae86f7f5dfbd0b236af6047b1256c","Aletto Jugendhotel Schöneberg"
"1704839","1309886","BTM:HOTEL:1J0492:c3ab3b34683151daf64b8e31e4d32cc8","Aletto Jugendhotel Schöneberg"
"1704868","1309886","BTM:HOTEL:1J0497:63bc08aab3741d2c1448431c58cf62c0","Jugendhotel berlincity"
"1704868","61435","BTM:HOTEL:1J0497:e1c7eeca23c4602c8bb714d691ee3d21","Jugendhotel berlincity"
"1704903","1309886","BTM:HOTEL:1J0533:4d358fac70284780180670a40080cc32","A&O City am Zoo"
"1704903","61435","BTM:HOTEL:1J0533:9604c3ab4f29f222600625917539d755","A&O City am Zoo"
"1704938","61435","BTM:HOTEL:1J0547:0b28bf5c478d9321e8153da115089c4c","Jugendgästehaus Hauptbahnhof"
"1704938","1309886","BTM:HOTEL:1J0547:3b70c55c083500e4f69ea92930cd37bf","Jugendgästehaus Hauptbahnhof"
"1704972","61435","BTM:HOTEL:1J0616:04f9522c23bf2db3c692065371e28e2d","Hotel4Youth Schönhauser Allee"
"1704972","1309886","BTM:HOTEL:1J0616:ea35210dd5bd603fbe140a961ac62fe2","Hotel4Youth Schönhauser Allee"
"2527888","61435","BTM:HOTEL:1J0803:67d94dda7614c22e1d44ac7395e683ce","Jugendgästehaus Central"
"2527937","61435","BTM:HOTEL:1J0822:9727d4d8e7d2522f761e56b01443c537","Main Station Hotel & Hostel"
"1705010","61435","BTM:HOTEL:1P0067:532c0844f5dbddc0370b85ee2c659112","Alexandra"
"1705010","1309886","BTM:HOTEL:1P0067:b17d43f171b6f487ed3ec967bd417e2b","Alexandra"
"1705045","61435","BTM:HOTEL:1P0069:6851af1a52477b266dc4b0a60c39bef6","Castell"
"1705045","1309886","BTM:HOTEL:1P0069:a82e28b05f229f37f547287c5ea86852","Castell"
"1705078","1309886","BTM:HOTEL:1P0070:47a3960f5bcc56e05a2544ebaaf4248f","Messe"
"1705078","61435","BTM:HOTEL:1P0070:8d08ef9dc7dc0bee6a7ab890a6a9b117","Messe"
"1705111","61435","BTM:HOTEL:1P0123:4cf17b5ed33ee63f1945748da781dee5","Majesty"
"1705111","1309886","BTM:HOTEL:1P0123:638117cf503afec32f7c6be37691c3c8","Majesty"
"1705143","1309886","BTM:HOTEL:1P0127:89c7846c3e7ffed33f034b519cc8ef69","Pension Elite"
"1705143","61435","BTM:HOTEL:1P0127:a2147cdc37df2d55ab89f5ac51170bb4","Pension Elite"
"1705176","61435","BTM:HOTEL:1P0154:bd835784541ed3e42515378e7d100bf4","Gunia"
"1705176","1309886","BTM:HOTEL:1P0154:cefd65a64a3384e7035d5d1763b309b1","Gunia"
"1705205","61435","BTM:HOTEL:1P0156:4c9e77abf6542972ecfd23468d043c5f","Peters"
"1705205","1309886","BTM:HOTEL:1P0156:c2cc68643356e595dd04bc6c51a29b7e","Peters"
"1705234","1309886","BTM:HOTEL:1P0172:c30fa565a39e122135f688f778fdc31c","Waizenegger"
"1705234","61435","BTM:HOTEL:1P0172:fe6bd0c1bd032a22f8a8045152375337","Waizenegger"
"1705268","61435","BTM:HOTEL:1P0174:4e29925d5352ce3da214a2bb31b880c6","Kima"
"1705268","1309886","BTM:HOTEL:1P0174:b53487060deefe6bff9752aba0eeca4d","Kima"
"1705301","61435","BTM:HOTEL:1P0183:25a22f9839e8dde1d42354173fa1b6be","Kleist"
"1705301","1309886","BTM:HOTEL:1P0183:b878cc8825ddadc425feb72cdf453c6f","Kleist"
"1705333","1309886","BTM:HOTEL:1P0237:613d9eb9d01a973303ffe98760ffd09e","Eden am Zoo"
"1705333","61435","BTM:HOTEL:1P0237:84f00872ee3e7d2e2241f25cab8718a4","Eden am Zoo"
"1705367","1309886","BTM:HOTEL:1P0270:4d2647e372eb3fcab4064a4e859cc035","Art Nouveau"
"1705367","61435","BTM:HOTEL:1P0270:573036764a4638263e91e8f7745cf580","Art Nouveau"
"1705402","1309886","BTM:HOTEL:1P0331:6d697e62cfaa2348c2f5c1fdbbbce7cb","Bella"
"1705402","61435","BTM:HOTEL:1P0331:fa23178577472b9b370daa432b7e3bb9","Bella"
"2528117","61435","BTM:HOTEL:1P0352:d883b834839883c5ca70d089b060db69","Nürnberger Eck"
"1705435","61435","BTM:HOTEL:1P0406:5d393ef9ba60b06552ec604b0a1e2ddf","Gitte"
"1705435","1309886","BTM:HOTEL:1P0406:e97cb5de91dd04eb97a20d49acd91c00","Gitte"
"1705469","61435","BTM:HOTEL:1P0428:3eeacbe35baa5513762bf01e52aad4fe","Sickinger Hof"
"1705469","1309886","BTM:HOTEL:1P0428:90e7fd1c760a727c106ee7fd235f5aee","Sickinger Hof"
"1705503","1309886","BTM:HOTEL:1P0444:234a5ca3f3aa0d186593a6929317322a","Gribnitz"
"1705503","61435","BTM:HOTEL:1P0444:ef91ad5b4e6f312731b9c26bd85e7295","Gribnitz"
"1705535","61435","BTM:HOTEL:1P0461:8ab00e5b19aba8ac75f52d9f879439fa","Ambiente"
"1705535","1309886","BTM:HOTEL:1P0461:da32661f0edb8cf8b9e4b00b5d2b53bf","Ambiente"
"1705570","61435","BTM:HOTEL:1P0466:ac8d410c6986ed091a396c35559cafd9","Cityblick"
"1705570","1309886","BTM:HOTEL:1P0466:ef84ea91daaf7b795e92d2b72b69d554","Cityblick"
"1705604","61435","BTM:HOTEL:1P0490:0250cfd3cb56bf7f88c91003b089a080","Modena"
"1705604","1309886","BTM:HOTEL:1P0490:6953caafc9dc3f9ba56cb2f24366839a","Modena"
"1705639","61435","BTM:HOTEL:1P0544:2dea2deccd7ebdbc35eb8a4138dbf587","Alte City"
"1705639","1309886","BTM:HOTEL:1P0544:880e2588df50e381cb4b4170735c4ae4","Alte City"
"1705678","1309886","BTM:HOTEL:1P0553:01153b34cc8c8cd33621513a7d056e00","Rheingold"
"1705678","61435","BTM:HOTEL:1P0553:b59ce2dd360184cb018cae25d7894b17","Rheingold"
"1705712","61435","BTM:HOTEL:1P0596:0becae793794a4530dad1ca9cbae86c0","Aurora"
"1705712","1309886","BTM:HOTEL:1P0596:17d593c59054553d0b04ebbcf5960e8d","Aurora"
"1705748","1309886","BTM:HOTEL:1P0617:39c224f5a6a22fac73079d8e7548b4b2","Stars Guesthouse"
"1705748","61435","BTM:HOTEL:1P0617:b194418ea1cbfe16087729528e4c70bd","Stars Guesthouse"
"1705781","1309886","BTM:HOTEL:1P0701:6ce1fada19dbed07ca4e95f3dd663ba6","Chic & Cheap"
"1705781","61435","BTM:HOTEL:1P0701:d3b991fa037a3cb1c94d21982bae108a","Chic & Cheap"
"1705814","61435","BTM:HOTEL:1P0729:7f9e38472068549ab82426ae5e968c7f","Pension ABC"
"1705814","1309886","BTM:HOTEL:1P0729:b119aa9b802d0c84fe95c5640d462a64","Pension ABC"
"1705848","1309886","BTM:HOTEL:1P0747:578f3df8a07edf637478cf681d54f14d","Hotel-Pension Bernstein"
"1705848","61435","BTM:HOTEL:1P0747:b12130ca6e358360c816a87f4a84fcf3","Hotel-Pension Bernstein"
"2515786","1309886","BTM:HOTEL:1P0766:1ad682f44eadb7b917499367c8fa428a","City-Inn Berlin"
"2515786","61435","BTM:HOTEL:1P0766:631119348b9a79f73e9661593fe434e1","City-Inn Berlin"
"2527629","61435","BTM:HOTEL:1P0771:d7949b61333519f95ce5c69b20ddcc40","Hotel Messe"
"2528367","61435","BTM:HOTEL:1P0787:5f459dbe9c22c85b1834e6d63948411c","Pension Brinn"
"2527649","61435","BTM:HOTEL:1P0805:b337d62dcd3f998ccdb1194f4ae955d0","Hotel Pension Delta"
"1705881","61435","BTM:HOTEL:2A0481:6dca4ca4b4ef586217631f40db641453","Agon am Alexanderplatz"
"1705881","1309886","BTM:HOTEL:2A0481:b39823175ea02f01790d42aa12a9cc5a","Agon am Alexanderplatz"
"1705916","1309886","BTM:HOTEL:2A0574:371bbad7c290a637079ee34cf86cd91d","Appartments City Quartier"
"1705916","61435","BTM:HOTEL:2A0574:f37399e66bc29512604f827e50e6ce7a","Appartments City Quartier"
"1705949","1309886","BTM:HOTEL:2A0725:49b4180560e4e9662d88785ded5117c5","Charleston House"
"1705949","61435","BTM:HOTEL:2A0725:f3278bf2aa2794edcb7523b2f89ee0cc","Charleston House"
"2527811","61435","BTM:HOTEL:2A0810:52edee01f730e7d55e15a67bf0247ece","Ïma Loft Apartments"
"1705982","1309886","BTM:HOTEL:2G0050:6328c4c33f06444ba66874a74a1856c2","Holiday Inn Berlin City Center East - Prenzlauer Allee"
"1705982","61435","BTM:HOTEL:2G0050:ca5d25572337dae9a6795b66be727810","Holiday Inn Berlin City Center East - Prenzlauer Allee"
"1706019","1309886","BTM:HOTEL:2G0153:2d7c283f7b6e91401618016670c11f01","Am Anhalter Bahnhof"
"1706019","61435","BTM:HOTEL:2G0153:51eeb721efa1f45de439f6a046c89d14","Am Anhalter Bahnhof"
"1706057","1309886","BTM:HOTEL:2G0164:19b6f53b12a57be056cff813547bd8cc","Upstalsboom Hotel Friedrichshain"
"1706057","61435","BTM:HOTEL:2G0164:62229532fc0b6f4a8a1833df606cc825","Upstalsboom Hotel Friedrichshain"
"1706092","61435","BTM:HOTEL:2G0188:ce14d2d2375c7624441e8c293baff9bc","Juncker`s Hotel Garni"
"1706092","1309886","BTM:HOTEL:2G0188:f1435b783b78fe7a0a176378c9b6e58c","Juncker`s Hotel Garni"
"1706128","1309886","BTM:HOTEL:2G0235:94b0f96e929022c8a32540e9de97bff3","Dietrich Bonhoeffer Hotel"
"1706128","61435","BTM:HOTEL:2G0235:b9c8729b91e12d3abf9c75c3c213de7a","Dietrich Bonhoeffer Hotel"
"1706163","1309886","BTM:HOTEL:2G0262:6451c0b8a45cb3523b080b15f58f4a89","Allegra"
"1706163","61435","BTM:HOTEL:2G0262:6e9d509b361709fde0a1b9323272cf5f","Allegra"
"1706200","61435","BTM:HOTEL:2G0265:7ef1510e0f9a75f8947a530a4bec79a0","Transit"
"1706200","1309886","BTM:HOTEL:2G0265:abe94cd0d063891b6bf13a51b91b02c4","Transit"
"1706233","61435","BTM:HOTEL:2G0353:a0693c0e522d25e987dcf789e43d0fe3","Greifswald"
"1706233","1309886","BTM:HOTEL:2G0353:b65dea31091f71b0cde7d2d018b9130c","Greifswald"
"1706266","61435","BTM:HOTEL:2G0440:638d4a16d6f37758beb26cc81221b338","Alameda Berlin"
"1706266","1309886","BTM:HOTEL:2G0440:6b64de267bf08df473f88967ea71743a","Alameda Berlin"
"2515984","61435","BTM:HOTEL:2G0454:3242e0b21891f883ec042d951e10a557","Gendarm nouveau"
"2515984","1309886","BTM:HOTEL:2G0454:354ab06d005d94f434ee992777d7fc34","Gendarm nouveau"
"1706302","61435","BTM:HOTEL:2G0474:15d3f4463531ab252f721ff97c451140","Transit Loft"
"1706302","1309886","BTM:HOTEL:2G0474:2140d897a9b4113a6933680b5519e15d","Transit Loft"
"1706335","61435","BTM:HOTEL:2G0562:047c4efcd82f5cd35313653d626fd270","Motel One"
"1706335","1309886","BTM:HOTEL:2G0562:cc25539dd1102b2ea506d9b2f98c40d4","Motel One"
"1706370","1309886","BTM:HOTEL:2G0651:50f5041cc1c198c069692e8bb8412e6f","Comenius"
"1706370","61435","BTM:HOTEL:2G0651:d2df7553fcb53b6ae87b6df5a2713035","Comenius"
"1706403","1309886","BTM:HOTEL:2G0666:53b612d62a03baab5093ebb4eb5bda4e","Hotel & Gästehaus Berlin Mitte"
"1706403","61435","BTM:HOTEL:2G0666:a9b32866084c968216ec2223364c50da","Hotel & Gästehaus Berlin Mitte"
"1706438","1309886","BTM:HOTEL:2G0706:500cf020f98ac3a7f93f8166dfffd23c","Melarose Feng Shui Hotel"
"1706438","61435","BTM:HOTEL:2G0706:ac214dcca198f2d61542d7a2b17986fd","Melarose Feng Shui Hotel"
"1706472","61435","BTM:HOTEL:2G0709:c288b2f848235a732bba0cef90d7d927","Hotel Amano"
"1706472","1309886","BTM:HOTEL:2G0709:d8149ea0d10a56fc0295da4ab493ce7b","Hotel Amano"
"1706507","1309886","BTM:HOTEL:2G0723:3c1c6d07c2f9fc8159a4af1fb6063bbf","Winter's Hotel Berlin Mitte am Checkpoint Charlie"
"1706507","61435","BTM:HOTEL:2G0723:7707c922e9740c652dca17b8985372d0","Winter's Hotel Berlin Mitte am Checkpoint Charlie"
"1706542","61435","BTM:HOTEL:2G0738:38e73172f63da911c6497255d40fa7a0","Hotel Hackescher Markt"
"1706542","1309886","BTM:HOTEL:2G0738:54582dbe832e456de9bb26ba20cfd0c0","Hotel Hackescher Markt"
"1706575","1309886","BTM:HOTEL:2G0742:5e035b3d4fb0bd8a8ccf1a3b9985f73a","A&O Berlin Hauptbahnhof"
"1706575","61435","BTM:HOTEL:2G0742:9a5c405c3479bb6f390a76af2a0760aa","A&O Berlin Hauptbahnhof"
"1706609","1309886","BTM:HOTEL:2G0745:b5d78e7bd8f517216250d7412ccc9738","all seasons Hotel Berlin Mitte"
"1706609","61435","BTM:HOTEL:2G0745:dce978eb4063b37e2bc44f6bb78802d6","all seasons Hotel Berlin Mitte"
"1706638","1309886","BTM:HOTEL:2G0758:24196668e4da1197c309fa21687edb83","Alper Hotel am Potsdamer Platz"
"1706638","61435","BTM:HOTEL:2G0758:371c9018a2ac61cc3f5ce699bce19a6c","Alper Hotel am Potsdamer Platz"
"2527770","61435","BTM:HOTEL:2G0767:1baef7762e122ab3164035ffe7954c93","Ibis Hotel Berlin City Ost"
"2528071","61435","BTM:HOTEL:2G0773:aebfd5390d0ad01f243df743aabc4b43","Mercure Hotel Berlin Mitte"
"2515862","61435","BTM:HOTEL:2G0774:0e804e932b9b6c89ae9133aa09d58555","Etap Hotel Berlin Alexanderplatz"
"2515862","1309886","BTM:HOTEL:2G0774:f7ae00657cbdc44c2cdd26336f5d7887","Etap Hotel Berlin Alexanderplatz"
"2528514","61435","BTM:HOTEL:2G0776:7ecdda46a3ce84b6fc4667ea3e6faf31","Suite Novotel Berlin Potsdamer Platz"
"2515899","61435","BTM:HOTEL:2G0778:d23ece2383732767b6c150be2378a664","Etap Hotel Berlin Potsdamer Platz"
"2515899","1309886","BTM:HOTEL:2G0778:d37c6e3135905236ae16f8d3234d6f81","Etap Hotel Berlin Potsdamer Platz"
"2515507","1309886","BTM:HOTEL:2G0780:07bfa51da280c362e772576f2f1b0c64","all seasons Berlin Alexanderplatz"
"2515507","61435","BTM:HOTEL:2G0780:dbddc238c0c144fd27afb00f07328e3e","all seasons Berlin Alexanderplatz"
"2528007","61435","BTM:HOTEL:2G0783:339ccaf7b60a6feaa38c0ac694f072ea","Mercure Hotel + Residenz Berlin Checkpoint Charlie"
"2516070","1309886","BTM:HOTEL:2G0784:28bc64db646da08501406abcba4d157e","Hotel Ibis Berlin Mitte"
"2516070","61435","BTM:HOTEL:2G0784:7ee393b5df885eb168913cf97e1509a0","Hotel Ibis Berlin Mitte"
"2528265","61435","BTM:HOTEL:2G0793:ac272405e9832394a34e56527b8a0e43","NH Heinrich Heine"
"2528222","61435","BTM:HOTEL:2G0794:8e943fd318ea6b92f9ec64797a1f7dbe","NH Berlin Potsdamer Platz"
"1706671","61435","BTM:HOTEL:2H0012:3c0db6c6aecd8de2f4aadb5df926af91","Kubrat"
"1706671","1309886","BTM:HOTEL:2H0012:736f0b44021db45082eb9660de154dd2","Kubrat"
"1706706","61435","BTM:HOTEL:2H0039:980d21b2530cce89ba12f31ceb6b3ee4","Park Inn Berlin-Alexanderplatz"
"1706706","1309886","BTM:HOTEL:2H0039:a0565d0678d8bed4b7efd7b72acb6146","Park Inn Berlin-Alexanderplatz"
"1706741","61435","BTM:HOTEL:2H0093:5b157ce23dc7c77a4a60dca73514ea2d","Gold Hotel am Wismarplatz"
"1706741","1309886","BTM:HOTEL:2H0093:ce679b1581c1f8a933077e8090f8bd69","Gold Hotel am Wismarplatz"
"1706776","1309886","BTM:HOTEL:2H0096:86b5824663c873be0a1fce0106d960f5","The Westin Grand Berlin"
"1706776","61435","BTM:HOTEL:2H0096:c209f6b36e4496b93f066de1451e4846","The Westin Grand Berlin"
"1706809","1309886","BTM:HOTEL:2H0106:9393b87a0bc3839a946267f7e9136261","Maritim proArte"
"1706809","61435","BTM:HOTEL:2H0106:d6a10b4d401c91325bc69b7ad5e44aa5","Maritim proArte"
"1706844","1309886","BTM:HOTEL:2H0137:6161d47db48f16d2b70521b0188b1f05","Hilton Berlin"
"1706844","61435","BTM:HOTEL:2H0137:a280bf4f77a587f35fd1ac3c5966dbe7","Hilton Berlin"
"1706877","61435","BTM:HOTEL:2H0161:0898dc9c1fa1076006fa88734f45942e","Albrechtshof"
"1706877","1309886","BTM:HOTEL:2H0161:1a8a14d8d42a68331a0c486e44b57b48","Albrechtshof"
"1706913","1309886","BTM:HOTEL:2H0209:0930cee9d2249c190de0cd3b6904b970","Jurine Berlin Mitte"
"1706913","61435","BTM:HOTEL:2H0209:c11babe34ddcbc76b10770976fb7b57a","Jurine Berlin Mitte"
"1706948","61435","BTM:HOTEL:2H0242:735a585bd2a8429885b5b9e881b522a6","Alexander Plaza"
"1706948","1309886","BTM:HOTEL:2H0242:9ab103d1d364972624ad622f31f4f0f9","Alexander Plaza"
"2515431","61435","BTM:HOTEL:2H0269:3384c67ab43f9209fb0221a10931e864","Adlon Kempinski"
"2515431","1309886","BTM:HOTEL:2H0269:f76d5f03ff44b704b6fb5367b73a7a42","Adlon Kempinski"
"1706983","61435","BTM:HOTEL:2H0287:450dcd13c40fc65efbc30e9ccce9779d","The Regent Berlin"
"1706983","1309886","BTM:HOTEL:2H0287:eec179568b1930f294349fbd720656ad","The Regent Berlin"
"1707018","61435","BTM:HOTEL:2H0288:0046a928e82e7b53827e57fbcbf6fed9","Kastanienhof"
"1707018","1309886","BTM:HOTEL:2H0288:89f8833c8416a27e458a48c055f39c07","Kastanienhof"
"1707054","1309886","BTM:HOTEL:2H0328:0a2aa2130501fe6ddeb368d765a10d67","Sofitel Berlin Gendarmenmarkt"
"1707054","61435","BTM:HOTEL:2H0328:5a5187bea5694a1be078d48b67008e4f","Sofitel Berlin Gendarmenmarkt"
"1707087","61435","BTM:HOTEL:2H0387:43114cb7bdcfd8f9e8a838c1038de22e","Honigmond"
"1707087","1309886","BTM:HOTEL:2H0387:d1b205dd60d76757a45f881046e272f3","Honigmond"
"2527853","61435","BTM:HOTEL:2H0403:c79c36e60d8f062f8cb0c164a8aad247","InterCity Hotel Berlin"
"1707122","61435","BTM:HOTEL:2H0412:b9b6cca38d660e36bb8e5a2e0da1ef9b","Riehmers Hofgarten"
"1707122","1309886","BTM:HOTEL:2H0412:be9c0d631e87abfc3569a1241f8702c3","Riehmers Hofgarten"
"1707158","61435","BTM:HOTEL:2H0415:96f8efdc7dc63afa7ef6d3d07f792315","Precise Myer's Berlin"
"1707158","1309886","BTM:HOTEL:2H0415:aa6a72d687c32a9685d7e87dbf003c1f","Precise Myer's Berlin"
"1707193","61435","BTM:HOTEL:2H0420:19c7aba84d780741b2cd46f70623c696","NH Berlin-Mitte"
"1707193","1309886","BTM:HOTEL:2H0420:ca9a8c9ff7122605e3599fdf4ef3ccbf","NH Berlin-Mitte"
"1707228","1309886","BTM:HOTEL:2H0434:26163d2cd5fead52e2f618f73a247d53","Derag Hotel Henriette"
"1707228","61435","BTM:HOTEL:2H0434:33432a273d03dae05cae8b12d7a57ac5","Derag Hotel Henriette"
"1707263","1309886","BTM:HOTEL:2H0476:1d8ced908c875e34b5ae3915b3915d74","New Berlin"
"1707263","61435","BTM:HOTEL:2H0476:be5b2e5b64f17d4c9b2d56044648b4d1","New Berlin"
"1707298","61435","BTM:HOTEL:2H0509:129064972135741bdd3a27931f766749","NH Berlin-Friedrichstrasse"
"1707298","1309886","BTM:HOTEL:2H0509:12ea2f3568be620058a11caddc1f8d33","NH Berlin-Friedrichstrasse"
"1707333","61435","BTM:HOTEL:2H0535:792985d9b50eef8aaa9ab43b314b64d4","Novotel Berlin Mitte"
"1707333","1309886","BTM:HOTEL:2H0535:fd22582bb618e7db12d25db51c9c1d13","Novotel Berlin Mitte"
"1707368","1309886","BTM:HOTEL:2H0541:852f8970ce67bb8406c3f45026e0c399","The Mandala Hotel"
"1707368","61435","BTM:HOTEL:2H0541:bd65f90dac66854628d964f86ee2a73d","The Mandala Hotel"
"1707403","1309886","BTM:HOTEL:2H0570:4ab410a688547b412c0057af668405fb","Mövenpick Hotel Berlin am Potsdamer Platz"
"1707403","61435","BTM:HOTEL:2H0570:efe68d27f991c1ac98cae6e04e5a93fc","Mövenpick Hotel Berlin am Potsdamer Platz"
"1707438","1309886","BTM:HOTEL:2H0572:ab85485e40e4cdc4e862d380b52074be","Cityhotel am Gendarmenmarkt"
"1707438","61435","BTM:HOTEL:2H0572:dc8eab9701d6c2eeebb754af03645b5a","Cityhotel am Gendarmenmarkt"
"1707474","61435","BTM:HOTEL:2H0586:d137371b5f4073f02782f42bbe51ddfe","Radisson Blu Hotel Berlin"
"1707474","1309886","BTM:HOTEL:2H0586:d93701e6faf09b215dbf4522335e61d0","Radisson Blu Hotel Berlin"
"1707508","61435","BTM:HOTEL:2H0587:4804cac3429313f54a450c9cf0f04b82","The Ritz-Carlton, Berlin"
"1707508","1309886","BTM:HOTEL:2H0587:89b17d97093c358845dd2ae21a86ddf7","The Ritz-Carlton, Berlin"
"1707544","61435","BTM:HOTEL:2H0589:48380611b0b49b032b2fde887567615d","Victor's Residenz-Hotel Berlin"
"1707544","1309886","BTM:HOTEL:2H0589:dae7ce74a3e8d3649bd6ef05c452478a","Victor's Residenz-Hotel Berlin"
"1707581","1309886","BTM:HOTEL:2H0609:2e44d4a5653864759d4b8cc473c50fbc","Holiday Inn Express Berlin City Centre"
"1707581","61435","BTM:HOTEL:2H0609:4d46bc9403c8bd4bb82575069cf06054","Holiday Inn Express Berlin City Centre"
"1707614","61435","BTM:HOTEL:2H0611:16a1c2fe9478604f80634a810075c0cf","A&O Berlin Mitte"
"1707614","1309886","BTM:HOTEL:2H0611:c7a2f7d6f419fa27e34fe58603af1faf","A&O Berlin Mitte"
"1707651","1309886","BTM:HOTEL:2H0631:363274bb7c60a510a53ec857c1ee2d3e","Abell"
"1707651","61435","BTM:HOTEL:2H0631:6d89ec295e76da2238221e13e2461de9","Abell"
"1707686","1309886","BTM:HOTEL:2H0634:070869f2662cb180884ca778a8333673","Meliá Berlin"
"1707686","61435","BTM:HOTEL:2H0634:c457d92bdf6dda5a6895ca00b1d7a95e","Meliá Berlin"
"1707721","1309886","BTM:HOTEL:2H0657:db37acbcb4df5f78f37ae5acfaa39436","Alex Hotel"
"1707721","61435","BTM:HOTEL:2H0657:dba79155e2e918b7c30c64e1fb26b1b2","Alex Hotel"
"1707758","1309886","BTM:HOTEL:2H0658:cfa546289111bd712832baf12067b5a4","Hotel de Rome"
"1707758","61435","BTM:HOTEL:2H0658:f6259f7296438fbe9871896341f16aec","Hotel de Rome"
"1707793","1309886","BTM:HOTEL:2H0664:117053fa648d8f5e7dfd0708a6d31617","Adina Apartment Hotel Berlin Checkpoint Charlie"
"1707793","61435","BTM:HOTEL:2H0664:e1c5be582d381631892aa77b48627d10","Adina Apartment Hotel Berlin Checkpoint Charlie"
"1707829","1309886","BTM:HOTEL:2H0674:3a4a008052a2a27566820db908c42c72","Ibis Berlin Potsdamer Platz"
"1707829","61435","BTM:HOTEL:2H0674:80312147f7b9e8e93d0d6c507bbf1c6b","Ibis Berlin Potsdamer Platz"
"1707864","61435","BTM:HOTEL:2H0675:0c7f97f9cd5e37aa6ee872f458495da3","City 54 Hotel & Hostel Berlin"
"1707864","1309886","BTM:HOTEL:2H0675:73e286a056b7712f09785731389f1c84","City 54 Hotel & Hostel Berlin"
"1707897","61435","BTM:HOTEL:2H0679:2621307f21d8a153fba7742c5b0e04bf","Mikon Eastgate Hotel"
"1707897","1309886","BTM:HOTEL:2H0679:378d0c8d31d7fd1d6b30ec0b1ebfbee2","Mikon Eastgate Hotel"
"1707931","61435","BTM:HOTEL:2H0693:8ae91e692539dd7f235dcd7d908e7db5","Best Western Hotel City Ost"
"1707931","1309886","BTM:HOTEL:2H0693:b784e0f065d7c1ab39f66ffb5bc12463","Best Western Hotel City Ost"
"1707965","1309886","BTM:HOTEL:2H0696:1e6eef6a2a22b78905ff6a384af303e5","andel's Hotel Berlin"
"1707965","61435","BTM:HOTEL:2H0696:63b40e8efc009d4d099a761d3051475a","andel's Hotel Berlin"
"1708003","1309886","BTM:HOTEL:2H0698:92aa6153f10e1ba374cffe795c32396e","Leonardo Royal Hotel Berlin"
"1708003","61435","BTM:HOTEL:2H0698:a37aa41e2aa4e52de209bbbef119c0ca","Leonardo Royal Hotel Berlin"
"1708040","61435","BTM:HOTEL:2H0710:d7e185c8d9fa1a88095220a763791ea6","Berlin Marriott Hotel"
"1708040","1309886","BTM:HOTEL:2H0710:d9adb2ba6766f19658ed1c9d865c3176","Berlin Marriott Hotel"
"1708073","1309886","BTM:HOTEL:2H0711:37f03a0ac922c2e15216f3fb628daee3","Ramada Hotel Berlin-Alexanderplatz"
"1708073","61435","BTM:HOTEL:2H0711:abfc926715f126a3d874bf8aa8e0682d","Ramada Hotel Berlin-Alexanderplatz"
"1708126","61435","BTM:HOTEL:2H0716:035ffdc0590537d8d5da1bbf3702b768","Meininger Hotel Berlin Hauptbahnhof"
"1708126","1309886","BTM:HOTEL:2H0716:6e2b282f1d196945c1c60645f1cc9b34","Meininger Hotel Berlin Hauptbahnhof"
"1708160","1309886","BTM:HOTEL:2H0717:906ea3ace45810800a39b418314cd066","Casa Camper Berlin"
"1708160","61435","BTM:HOTEL:2H0717:fa26894d347a2c586f5805792a578f88","Casa Camper Berlin"
"1708193","1309886","BTM:HOTEL:2H0719:ca17a32a56095f6c9c3d04ba0b970b96","Amadeus City am Zoo (Hotel closed)"
"1708193","61435","BTM:HOTEL:2H0719:ff29d5636ad14a8d9517399207ea544a","Amadeus City am Zoo (Hotel geschlossen)"
"1708227","61435","BTM:HOTEL:2H0728:1456f5e7331f100f02320a4d42895b87","Hotel Grenzfall"
"1708227","1309886","BTM:HOTEL:2H0728:74f1e6208813514e482190e61e699686","Hotel Grenzfall"
"2528431","61435","BTM:HOTEL:2H0731:7d327c02d041ac38bbae6713314b9612","Scandic Berlin Potsdamer Platz"
"1708260","1309886","BTM:HOTEL:2H0735:531c3a39573e29c3419695372c1ff3a4","nhow Berlin"
"1708260","61435","BTM:HOTEL:2H0735:7891f4e43b8b1d2db36ee865a71c944b","nhow Berlin"
"1708293","1309886","BTM:HOTEL:2H0736:ca78fb8c24b385f21ad0ca55246acbb9","Park Plaza Wallstreet Berlin"
"1708293","61435","BTM:HOTEL:2H0736:f3609f7dbd81e50873ea3bf0ceecb3e2","Park Plaza Wallstreet Berlin"
"2515941","1309886","BTM:HOTEL:2H0752:1c77a26662bb743dfaf121054d2854e8","Gat Point Charlie"
"2515941","61435","BTM:HOTEL:2H0752:d4681165dec9036f609992cb9883a7de","Gat Point Charlie"
"1708326","61435","BTM:HOTEL:2H0753:0e6ed6431501b674f9e28e419088d4ce","Titanic Comfort Hotel Berlin Mitte"
"1708326","1309886","BTM:HOTEL:2H0753:b8653c778da76072c26b91dc77cd85d3","Titanic Comfort Hotel Berlin Mitte"
"1708359","1309886","BTM:HOTEL:2H0754:01c7df41e2bf753290ec99b4834c0dd9","Zarenhof Berlin Prenzlauer Berg"
"1708359","61435","BTM:HOTEL:2H0754:fb5758bb291a06f9221d97b25616bc8e","Zarenhof Berlin Prenzlauer Berg"
"1708389","1309886","BTM:HOTEL:2H0762:159c55c7fb52438a9245509a6ab22376","Derag Hotel Großer Kurfürst"
"1708389","61435","BTM:HOTEL:2H0762:674885787203cf95b4bc221e80d07721","Derag Hotel Großer Kurfürst"
"2528028","61435","BTM:HOTEL:2H0768:dabba178fd99f8954cefc1e940795f93","Mercure Hotel Berlin City"
"2515921","61435","BTM:HOTEL:2H0777:5708fad5ce8062bfb7276c7b452a62c3","Eurostars Berlin"
"2515921","1309886","BTM:HOTEL:2H0777:76bab0e1d3cb8c67e407f35bdb792e1c","Eurostars Berlin"
"2527734","61435","BTM:HOTEL:2H0786:2c6d9459bf818c33acfc55f03b7e4c8c","HSH Hotel Apartments Mitte"
"2089253","1309886","BTM:HOTEL:2H0789:2c7ad532e2f956bf05f0108b81c6073f","Arte Luise Kunsthotel"
"2089253","61435","BTM:HOTEL:2H0789:caebbbe58359bb0feeabd576f5378768","Arte Luise Kunsthotel"
"2515808","1309886","BTM:HOTEL:2H0795:4289ab80b7752d71305cc9e8a0aca78e","easyHotel Berlin Hackescher Markt"
"2515808","61435","BTM:HOTEL:2H0795:610d07d13578f52c1c826414a3379292","easyHotel Berlin Hackescher Markt"
"2528138","61435","BTM:HOTEL:2H0796:9ecd108c60c7d40e35a14697aec805d1","NH Berlin Alexanderplatz"
"2516106","1309886","BTM:HOTEL:2H0806:8694f8ff7007f17657c054955065617a","Hotel Indigo Berlin Alexanderplatz"
"2516106","61435","BTM:HOTEL:2H0806:b14e845defd68e302dd72a183bac9a9c","Hotel Indigo Berlin Alexanderplatz"
"2527609","61435","BTM:HOTEL:2H0811:d4aa6a9d56f2c1416ad4cf8b8d625d03","Hotel LebensQuelle"
"2528326","61435","BTM:HOTEL:2H0814:8f09f836604c13517addfbeadd397d7a","Park Plaza Prenzlauer Berg Berlin"
"2515704","61435","BTM:HOTEL:2H0815:4f9d9f0f00831dbd89195886797cde15","art'otel berlin mitte"
"2515704","1309886","BTM:HOTEL:2H0815:bb6018c7a50169b64c2c228ffa22a620","art'otel berlin mitte"
"2515593","61435","BTM:HOTEL:2H0820:033521ad12ee7bc5b4296372e498d939","Arcadia Hotel Berlin"
"2515593","1309886","BTM:HOTEL:2H0820:2ad9c78c2779402abe9de94f0aff2fc8","Arcadia Hotel Berlin"
"2515528","61435","BTM:HOTEL:2H0824:04b97cdab29a799b9870b0d510a59f9e","Almodóvar Hotel"
"2515528","1309886","BTM:HOTEL:2H0824:5fd9254cc42cf77eab364f6a5622539c","Almodóvar Hotel"
"2527714","61435","BTM:HOTEL:2H0825:e05477cb43b850827c928839e769a2c2","Hotel Prens Berlin"
"2515400","1309886","BTM:HOTEL:2H0826:c2fc3d8d58511f7635d7507fefc29470","Adina Apartment Hotel Berlin Hauptbahnhof"
"2515400","61435","BTM:HOTEL:2H0826:eab8604b066117cd1a27fc5c0166e5b5","Adina Apartment Hotel Berlin Hauptbahnhof"
"2515380","61435","BTM:HOTEL:2H0827:040ba54fb9170d8192aeb1fb04ac99a1","Adina Apartment Hotel Berlin Hackescher Markt"
"2515380","1309886","BTM:HOTEL:2H0827:04f6e8ddd681747e203d79a15bd6d86a","Adina Apartment Hotel Berlin Hackescher Markt"
"1708424","1309886","BTM:HOTEL:2J0417:b4a8f1f5ce2791a6a03b3a4cb558b61d","Schreber City Hostel Berlin"
"1708424","61435","BTM:HOTEL:2J0417:bdd8db61d94b738ab919b8588752411e","Schreber City Hostel Berlin"
"1708459","1309886","BTM:HOTEL:2J0449:9b76ec6d0915b0044ce24cebc06f67c5","A&O Berlin Friedrichshain"
"1708459","61435","BTM:HOTEL:2J0449:c564e7ab5e91a6d1ebe0170d1350af87","A&O Berlin Friedrichshain"
"1708497","1309886","BTM:HOTEL:2J0555:0dcbb52490e3ecf091c49f91879fd7be","Hostel Generator Berlin"
"1708497","61435","BTM:HOTEL:2J0555:71940ba6a935ed089df0efdd2024ccd8","Hostel Generator Berlin"
"1708533","61435","BTM:HOTEL:2J0575:301ed7a125db7593cf4396d97299bb73","A&O Hostel Mitte"
"1708533","1309886","BTM:HOTEL:2J0575:c880988babfdbb1cb369ba158f549f9e","A&O Hostel Mitte"
"1708568","1309886","BTM:HOTEL:2J0620:b34c2c4107d876d7a1514bb7721e24a2","Aletto Jugendhotel Kreuzberg"
"1708568","61435","BTM:HOTEL:2J0620:c1c9406d5910b9c26a1defc9bcfac6c9","Aletto Jugendhotel Kreuzberg"
"1708601","1309886","BTM:HOTEL:2J0630:4f8a87d3d962b29f2e158cbe10533be9","Citystay Hostel Berlin Mitte"
"1708601","61435","BTM:HOTEL:2J0630:a0aa157b6f5f528437f40e1540f03981","Citystay Hostel Berlin Mitte"
"1708634","61435","BTM:HOTEL:2J0649:54fa97e7917ac9407692901c766832ae","Three Little Pigs"
"1708634","1309886","BTM:HOTEL:2J0649:c999561baebe7a4675a569a7f8184b48","Three Little Pigs"
"1708669","1309886","BTM:HOTEL:2J0650:5b964d5b26f94cce9b9f29b95b7548cd","Pegasus Hostel Berlin"
"1708669","61435","BTM:HOTEL:2J0650:6421bb9a2dd61154fab13a9f19fb4717","Pegasus Hostel Berlin"
"1708703","61435","BTM:HOTEL:2J0654:68590ddd5a396654f65c87fb160ddece","All In Hostel/Hotel Berlin"
"1708703","1309886","BTM:HOTEL:2J0654:bcc8870e4f466cde1167579e6a842ba0","All In Hostel/Hotel Berlin"
"1708738","61435","BTM:HOTEL:2J0705:6d754e2781ec81d0746e30b940dc8410","Grand Hostel Berlin"
"1708738","1309886","BTM:HOTEL:2J0705:7c5a89a6dd2c0171bb8775e02936ba94","Grand Hostel Berlin"
"1708771","1309886","BTM:HOTEL:2J0724:cf7426a39ed5236e6ec7ddfb675c4f15","Hotel 4 Youth am Mauerpark"
"1708771","61435","BTM:HOTEL:2J0724:d928f7c0180554d70071b77cb99d88ff","Hotel 4 Youth am Mauerpark"
"1708806","61435","BTM:HOTEL:2J0737:0ef53158f3887eb7d24d861db782151f","Industriepalast Hostel & Hotel"
"1708806","1309886","BTM:HOTEL:2J0737:7e14a24b584b64cd93890b1e1916459c","Industriepalast Hostel & Hotel"
"2528286","61435","BTM:HOTEL:2J0808:2b00e1053301b5ccac7771b48a68c134","one 80° Hostel"
"1708841","1309886","BTM:HOTEL:2P0311:16e80bbd6ce58bcf5016bbfac2c3ab6a","ackselhaus & bluehome"
"1708841","61435","BTM:HOTEL:2P0311:357e6cd612158f43c8700f9b05ace209","ackselhaus & bluehome"
"1708874","61435","BTM:HOTEL:2P0504:0ae8c87b3abe54f76a8e3594139a5f1d","Berlin-Apartments"
"1708874","1309886","BTM:HOTEL:2P0504:7d0986ac0af11650d3e077fe9cb064ae","Berlin-Apartments"
"1708907","1309886","BTM:HOTEL:2P0540:128eab291c93526eb7dd23e8526ac04f","Eastside-Pension"
"1708907","61435","BTM:HOTEL:2P0540:cb21c96a98a7ae10f1238099c4ed191d","Eastside-Pension"
"2515764","1309886","BTM:HOTEL:2P0667:336f52abc68662ed0b7ecfb42f2db7ac","Berliner City Pension"
"2515764","61435","BTM:HOTEL:2P0667:e47b742809fe7c824facaf5779253358","Berliner City Pension"
"1708937","1309886","BTM:HOTEL:2P0712:2d9bf5d317ffb75966c3c944770f46a2","Aaberna"
"1708937","61435","BTM:HOTEL:2P0712:feb67532b134946f5bcbdfcc0ed51712","Aaberna"
"1708972","1309886","BTM:HOTEL:2P0727:1a70a0f227e08f76096dcaa64dc357bf","Prenzlberg"
"1708972","61435","BTM:HOTEL:2P0727:8af254714374f204f67e5170781a9024","Prenzlberg"
"1709005","61435","BTM:HOTEL:2P0757:229a9ee7395c3def9b01a1a263228821","Absolut Berlin"
"1709005","1309886","BTM:HOTEL:2P0757:888495ece43c656daf3dc32bb8a09a32","Absolut Berlin"
"2515834","61435","BTM:HOTEL:3A0357:8a55f764f369a3ed4cfee2967f85359c","Eigenart Appartements"
"2515834","1309886","BTM:HOTEL:3A0357:d8a8261a0a97ab886ff6fcfafe80f2e5","Eigenart Appartements"
"2515963","61435","BTM:HOTEL:3G0439:406b5cb96a23d590795de0852abcc616","Gästehaus Axel Springer"
"2515963","1309886","BTM:HOTEL:3G0439:ff8ee937a40b45e2eeba7fd0758f6746","Gästehaus Axel Springer"
"1709039","1309886","BTM:HOTEL:3G0598:0506adb1552be0fa41d6d6532c88b0e4","Quality Hotel Berlin Tegel"
"1709039","61435","BTM:HOTEL:3G0598:a3e8911d78cd6e31ede12e5e14889902","Quality Hotel Berlin Tegel"
"1709075","61435","BTM:HOTEL:3G0744:a86e7d51626dbc5671e4d82d12c79ca1","Hotel-Alt-Tegel"
"1709075","1309886","BTM:HOTEL:3G0744:b634546c881712633f58c06ad30c532c","Hotel-Alt-Tegel"
"1709110","61435","BTM:HOTEL:3H0025:398616c53abfb4a033d272a1507186ff","Arcos Appartement Haus"
"1709110","1309886","BTM:HOTEL:3H0025:c3c5f3b2729007863cf31d34b6aeccf9","Arcos Appartement Haus"
"1709143","61435","BTM:HOTEL:3H0032:520ee809d22fd77b57c7b655e403cd03","Holiday Inn Berlin-Mitte"
"1709143","1309886","BTM:HOTEL:3H0032:d8ba6022f7a964b09245b0bd743fa334","Holiday Inn Berlin-Mitte"
"1709178","1309886","BTM:HOTEL:3H0155:2c9ab23634bebda15f8ebea5397f3b7b","Dannenberg am See"
"1709178","61435","BTM:HOTEL:3H0155:c2de90231a6303e0f532b6453c92d783","Dannenberg am See"
"1709213","61435","BTM:HOTEL:3H0514:5854acc320ffc4c930da7f08069efc9b","Bongard"
"1709213","1309886","BTM:HOTEL:3H0514:c5f343138b6d4aef1d603de7621a4453","Bongard"
"1709244","1309886","BTM:HOTEL:3H0531:6f20d39ea1842878bdad86b64462a096","Citylight Hotel"
"1709244","61435","BTM:HOTEL:3H0531:b068631e1faebc1cc914b3dab5ee04fb","Citylight Hotel"
"1709279","61435","BTM:HOTEL:3H0652:274cb206962d48f00ff42db972c41376","Kolumbus"
"1709279","1309886","BTM:HOTEL:3H0652:dcf3ae05a0dea790cd0d0f62cfc08874","Kolumbus"
"1709316","1309886","BTM:HOTEL:3H0695:931f23ba7f0295033a9d96d56393eac8","Best Western Grand City Hotel Berlin Mitte"
"1709316","61435","BTM:HOTEL:3H0695:d656d5731b2e96f8f77bdf2f10f00f8b","Best Western Grand City Hotel Berlin Mitte"
"2527986","61435","BTM:HOTEL:3H0769:c1b19edac3205e4f663ba505deb9879b","Mercure Airport Hotel Berlin Tegel"
"2528448","61435","BTM:HOTEL:3H0800:7b380c3ac09bcff6a27831734c43bed1","Smarthostel Berlin"
"2527874","61435","BTM:HOTEL:3J0817:f2a0a0dadcc4e74f5b31e46413a09f97","Jugendgästehaus Berlin"
"1709349","1309886","BTM:HOTEL:3P0234:693504030f3677933c5b3d979f1c875e","Hotel-Pension Wienecke"
"1709349","61435","BTM:HOTEL:3P0234:dc687d2cfcb36d314c0a4bfd9ab53086","Hotel-Pension Wienecke"
"1709382","1309886","BTM:HOTEL:3P0339:8e590d941d6238e1af18e8e43a3967d1","Ulrich"
"1709382","61435","BTM:HOTEL:3P0339:99904ea1c4ae61e24698d9bfe0ac821b","Ulrich"
"1710601","61435","BTM:HOTEL:3P0579:1c27eac6c212b5dba3d0129a89034a8c","Grächen"
"1710601","1309886","BTM:HOTEL:3P0579:7f4bad2c42c90b6e0ca01a9de664b788","Grächen"
"2515571","1309886","BTM:HOTEL:4A0355:53cab705d18508ffaeab1cf8e816b58b","Appartments und private Zimmervermietungen B. Jahn"
"2515571","61435","BTM:HOTEL:4A0355:e5cc5b8aad62bf36eab22a1bc8a05259","Appartments und private Zimmervermietungen B. Jahn"
"2515552","1309886","BTM:HOTEL:4A0601:39222aa4292dfdd38bb2b204246fd397","Apartment Hotel Landhaus Lichterfelde"
"2515552","61435","BTM:HOTEL:4A0601:fa65a20317b07df167c765e346ca168d","Apartment Hotel Landhaus Lichterfelde"
"1709426","1309886","BTM:HOTEL:4G0132:073ae2fb236fd597633ee51434ad62e1","Landhaus Schlachtensee"
"1709426","61435","BTM:HOTEL:4G0132:fe87dba416eec8651fd9c1e0264feca5","Landhaus Schlachtensee"
"1709463","61435","BTM:HOTEL:4G0232:155c3c0c19f9430a3fef4782c47e315f","Bölsche 126"
"1709463","1309886","BTM:HOTEL:4G0232:837e8be4ae33a9dd591cefdbca42bfa2","Bölsche 126"
"1709495","61435","BTM:HOTEL:4G0272:613c227c763180ee99afc5b0b0dc3f20","Eckstein"
"1709495","1309886","BTM:HOTEL:4G0272:f181bdc3a87cc16a0b2c34471afcd648","Eckstein"
"1709528","1309886","BTM:HOTEL:4G0427:6dd79ff9774e317679e94a793b45f4b8","Concorde Hotel Forsthaus"
"1709528","61435","BTM:HOTEL:4G0427:847fe36613a3932819c2147ada1a711c","Concorde Hotel Forsthaus"
"1709563","61435","BTM:HOTEL:4G0485:15ccb835187cd01dcff0e8a5d5073eb8","Apartment Hotel Dahlem"
"1709563","1309886","BTM:HOTEL:4G0485:4f85ff796f5bc6515aed4e3496b48755","Apartment Hotel Dahlem"
"1709597","61435","BTM:HOTEL:4G0672:2d7f2329f7cca029ccbda2bfe9b3b77b","Villa Ammonit"
"1709597","1309886","BTM:HOTEL:4G0672:c9ac9c40932c1e64bd7f817ced801fbb","Villa Ammonit"
"1709631","1309886","BTM:HOTEL:4H0076:13406f02745aae8f4ed835f400fd8e4c","Estrel Hotel & Convention Center"
"1709631","61435","BTM:HOTEL:4H0076:553e33ca61233d57f56811d3ff2d3029","Estrel Hotel & Convention Center"
"1709667","61435","BTM:HOTEL:4H0116:275b2c2588b16b5e8a8fd0829aea3d97","Ravenna Hotel"
"1709667","1309886","BTM:HOTEL:4H0116:af014983dc7dd541bc2c86b2a71d7843","Ravenna Hotel"
"2528094","61435","BTM:HOTEL:4H0149:6335f9b62b40f093d93785333aaff464","Mercure Hotel Berlin Tempelhof Airport"
"1709702","1309886","BTM:HOTEL:4H0202:1769e009d7318288ebebaa8c8766cefe","Am Forum Steglitz"
"1709702","61435","BTM:HOTEL:4H0202:edff005b53b5f4299ce39b4e85d4d7a9","Am Forum Steglitz"
"1709739","1309886","BTM:HOTEL:4H0281:6f8f7775fc0d3922f771f6c65260b020","Morgenland"
"1709739","61435","BTM:HOTEL:4H0281:799c1d467eb8c18216944cde1f98757d","Morgenland"
"1709776","61435","BTM:HOTEL:4H0293:07ad05cbdba95e37f65dbd8ce97d52e7","Ibis Berlin Neukölln"
"1709776","1309886","BTM:HOTEL:4H0293:2cdd1bf21656af020027d7b17057f95d","Ibis Berlin Neukölln"
"1709813","1309886","BTM:HOTEL:4H0300:493499bac9d79df8349c95c8a967d01a","Hotel Müggelsee Berlin"
"1709813","61435","BTM:HOTEL:4H0300:e8796adaabab7af430bf738521051bcd","Hotel Müggelsee Berlin"
"1709850","1309886","BTM:HOTEL:4H0673:740b0d6738767a63c086b96235cca9e8","Seminaris CampusHotel Berlin"
"1709850","61435","BTM:HOTEL:4H0673:dae3d92882ba8dbf61dd36aee4a8142e","Seminaris CampusHotel Berlin"
"1709886","61435","BTM:HOTEL:4H0692:f75f0ace879dfbf249c02626e8c58dc3","Airporthotel Berlin - Adlershof"
"1709886","1309886","BTM:HOTEL:4H0692:fb7964a7e4899e8534dbd87b5c8e94f6","Airporthotel Berlin - Adlershof"
"1709921","1309886","BTM:HOTEL:4H0726:58aba4affa5885740ca8f3537ab5f8f6","Holiday Inn Berlin International Airport"
"1709921","61435","BTM:HOTEL:4H0726:609bca0c9ea4780e65a66fda1c3d29d7","Holiday Inn Berlin International Airport"
"1709956","61435","BTM:HOTEL:4H0739:508368dab81ee116b7c09aeeebe1dd9f","Hotel Sternchen"
"1709956","1309886","BTM:HOTEL:4H0739:ed66ab4c525fd2a4f491f18b024da5ec","Hotel Sternchen"
"2528305","61435","BTM:HOTEL:4H0785:c78e3adf481226b537e4f6b5f2640c24","Park Hotel Blub"
"2528243","61435","BTM:HOTEL:4H0791:799b85838c3854916175d37c17ec70d6","NH Berlin Treptow"
"1709986","61435","BTM:HOTEL:4J0583:220e061018555494c3cff2c22234765c","Bearinn"
"1709986","1309886","BTM:HOTEL:4J0583:59fadfde6edaa4912f0931316d665fb9","Bearinn"
"1710019","61435","BTM:HOTEL:4P0215:5c730affac00700e050c0375a76e61a9","Haus La Garde"
"1710019","1309886","BTM:HOTEL:4P0215:753462fd589d07116e8b0b038398dde1","Haus La Garde"
"1710054","61435","BTM:HOTEL:4P0351:43a0b757ea19b4aa6758f404a82ad3af","Stieglitznest"
"1710054","1309886","BTM:HOTEL:4P0351:95e1124d72ae4d74b2715130c032f3c1","Stieglitznest"
"1710087","1309886","BTM:HOTEL:4P0359:af34fc19b406cf2c7f182b866e0c4d8e","Pension Schultze"
"1710087","61435","BTM:HOTEL:4P0359:d2576b6a86e9f1c1b2bac945370fec79","Pension Schultze"
"1710124","61435","BTM:HOTEL:4P0508:646309cb9cd8ae755ecfcf2fb4633272","Seesportverein Berlin-Grünau e.V."
"1710124","1309886","BTM:HOTEL:4P0508:7a20407d0fedb5dc855fc4dbba6e877b","Seesportverein Berlin-Grünau e.V."
"2528346","61435","BTM:HOTEL:4P0602:6c9a9b60ec867d3c8078134a23c33317","Pension an den Püttbergen"
"1710157","61435","BTM:HOTEL:4P0619:698f7dd81be4ce402182958574acdd00","Gästehaus Wannsee"
"1710157","1309886","BTM:HOTEL:4P0619:9f1a808cb03eea3a65d27142bd69409e","Gästehaus Wannsee"
"1710191","61435","BTM:HOTEL:4P0741:9e58d1b400cacc2c3572cd4ba87d275b","Hotel an der Gropiusstadt"
"1710191","1309886","BTM:HOTEL:4P0741:cab4457ae83842623a5cc0ee44d0aad7","Hotel an der Gropiusstadt"
"2515877","1309886","BTM:HOTEL:5G0781:2b92f84333af5c511a77aa1e0f91f68f","Etap Hotel Berlin Ost Marzahn"
"2515877","61435","BTM:HOTEL:5G0781:67fee311f2b5b5e510ea028d531f0ee0","Etap Hotel Berlin Ost Marzahn"
"1710222","1309886","BTM:HOTEL:5H0021:9e73c3da9f8bda885ef9e538f35bdb29","Comfort Hotel Lichtenberg"
"1710222","61435","BTM:HOTEL:5H0021:c86eb1cffd8ab9a5322dade6df8c2a3e","Comfort Hotel Lichtenberg"
"1710259","1309886","BTM:HOTEL:5H0124:1c9316cbbe7f883da9900ec5fc65cdd7","Abacus Tierpark Hotel"
"1710259","61435","BTM:HOTEL:5H0124:2edbc8999f7b1abdb5fa6e62e75f0dc6","Abacus Tierpark Hotel"
"2528180","61435","BTM:HOTEL:5H0792:6fe31571567422f8db0ce7cbcaf3ef99","NH Berlin - Frankfurter Allee"
"1710293","1309886","BTM:HOTEL:5P0130:461ecdb0cc9e97ed9b4fc2d20900c169","Zum Lichtenberger"
"1710293","61435","BTM:HOTEL:5P0130:8171eb1f54d51c6b0df3348573d570a8","Zum Lichtenberger"
"2515743","61435","BTM:HOTEL:5P0669:8ae0d43fcd061dabf4d10ac0bb495dc6","Bärliner Pension"
"2515743","1309886","BTM:HOTEL:5P0669:c1d15674fe4da45887a87365ee7604ca","Bärliner Pension"
"1710324","61435","BTM:HOTEL:6G0249:b1432fa2dd3b11014f9a0ada34af4b34","Altstadt Spandau"
"1710324","1309886","BTM:HOTEL:6G0249:d8230eb3a0e718b933cc470797f08f91","Altstadt Spandau"
"1710356","1309886","BTM:HOTEL:6G0321:4cc814dcca02ffd23fced8cba46b2b79","Agata"
"1710356","61435","BTM:HOTEL:6G0321:c74ca491c5e9ec376558e8fa633e810c","Agata"
"2516090","1309886","BTM:HOTEL:6G0772:18949e6ea064ca85ffae2dfa64a1d993","Hotel Ibis Berlin Spandau"
"2516090","61435","BTM:HOTEL:6G0772:9100de76be201ddc01d9ad9ea58ebedb","Hotel Ibis Berlin Spandau"
"2527749","61435","BTM:HOTEL:6H0663:cf4c872b7c9c76d5223332d130357b0c","HS Hotel Siemensstadt"
"1710390","61435","BTM:HOTEL:6H0734:3d5ea8f0ae9bdcbdb8e2f8cb8d6597b2","Sorat Hotel Berlin-Spandau"
"1710390","1309886","BTM:HOTEL:6H0734:4fd5adf9282b67b1b5557ea9329c5de0","Sorat Hotel Berlin-Spandau"
"2528048","61435","BTM:HOTEL:6H0779:be4949b9242a1300ff0a622141a1b5f5","Mercure Hotel Berlin City West"
"1710426","1309886","BTM:HOTEL:6P0637:1ff360ac680daea7c0ad3477fe421d05","Gästehaus Daehn"
"1710426","61435","BTM:HOTEL:6P0637:45c4bfd1680a94e52aa992b6dc70fd31","Gästehaus Daehn"
"1710457","61435","BTM:HOTEL:7H0266:8e488ba8d0e49988d1d41b11945fa31f","Waldhaus Mühlenbeck"
"1710457","1309886","BTM:HOTEL:7H0266:d1acd3693f20aeab0abb0700739af733","Waldhaus Mühlenbeck"
"1710487","61435","BTM:HOTEL:7H0496:d710c776e436e17980bc855dc56324a1","Airporthotel Fontane Berlin - Best Western Premier"
"1710487","1309886","BTM:HOTEL:7H0496:d7db35f0ad9c63c677b629637513e83a","Airporthotel Fontane Berlin - Best Western Premier"
"2516050","61435","BTM:HOTEL:7H0770:54f12c50376656a06938cda6b2133180","Hotel Ibis Berlin Dreilinden"
"2516050","1309886","BTM:HOTEL:7H0770:fcfae08c3c2b5740770a36cff27ee2e4","Hotel Ibis Berlin Dreilinden"
"2527833","61435","BTM:HOTEL:7H0790:2a125cc9d151cc0f525eb8b1063b2362","InterCityHotel Berlin-Brandenburg Airport"
"2528469","61435","BTM:HOTEL:7H0819:5956991ce04c33499f65089baa06fbdc","Steigenberger Airport Hotel Berlin"
"1710522","61435","BTM:HOTEL:7P0304:035c7178cc5e5cd07558f826055b0059","Sperlingshof"
"1710522","1309886","BTM:HOTEL:7P0304:f16f27d2ee2d3d1328add693f476e7bd","Sperlingshof"
